Course,Name,City,State,Rank,Website,passion_interest
1. Bachelor of Technology (B.Tech) in Aerospace Engineering,Indian Institute of Technology Madras,Chennai,Tamil Nadu,1,https://www.iitm.ac.in,"**Interests and Passions for Bachelor of Technology (B.Tech) in Aerospace Engineering:**

* * Interest in aviation and spacecraft design
* * Passion for understanding the principles of aerodynamics and propulsion
* * Enthusiasm for solving complex engineering problems
* * Fascination with the history and future of space exploration
* * Desire to contribute to the advancement of aerospace technologies"
2. Bachelor of Technology (B.Tech) in Agricultural and Irrigation Engineering,Indian Institute of Technology Madras,Chennai,Tamil Nadu,1,https://www.iitm.ac.in,"**Interests and Passions for B.Tech in Agricultural and Irrigation Engineering:**

* Problem-solving
* Mathematics and science
* Environment and sustainability
* Design and innovation
* Food production and security"
3. Bachelor of Technology (B.Tech) in Biotechnology,Indian Institute of Technology Madras,Chennai,Tamil Nadu,1,https://www.iitm.ac.in,"**Biotechnology (B.Tech)**

* Interest in molecular biology and genetics
* Fascination with the biotechnology industry
* Passion for using technology to solve biological problems
* Desire to contribute to advancements in healthcare, agriculture, or other biotechnology fields
* Curiosity about the applications of biotechnology in industry and research"
4. Bachelor of Technology (B.Tech) in Chemical Engineering,Indian Institute of Technology Madras,Chennai,Tamil Nadu,1,https://www.iitm.ac.in,"**Interests and Passions for B.Tech in Chemical Engineering:**

* Application of science and mathematics to solve real-world problems
* Design and operation of chemical plants and processes
* Innovation in materials and energy technologies
* Sustainable engineering and environmental protection
* Process control and optimization"
5. Bachelor of Technology (B.Tech) in Civil Engineering,Indian Institute of Technology Madras,Chennai,Tamil Nadu,1,https://www.iitm.ac.in,"* Design and development of infrastructure
* Construction management and project planning
* Sustainable building and eco-friendly design
* Geotechnical engineering and soil mechanics
* Structural analysis and earthquake engineering"
6. Bachelor of Technology (B.Tech) in Computer Science and Engineering,Indian Institute of Technology Madras,Chennai,Tamil Nadu,1,https://www.iitm.ac.in,"**Interests and Passions for B.Tech in Computer Science and Engineering:**

* *Problem-solving*
* *Algorithm design*
* *Software development*
* *Data analysis and visualization*
* *Artificial intelligence and machine learning*"
7. Bachelor of Technology (B.Tech) in Electrical Engineering,Indian Institute of Technology Madras,Chennai,Tamil Nadu,1,https://www.iitm.ac.in,"**Interests and Passions for Bachelor of Technology (B.Tech) in Electrical Engineering:**

* Circuits and electronics
* Power systems and renewable energy
* Control systems and robotics
* Signal processing and communications
* Computer architecture and embedded systems"
8. Bachelor of Technology (B.Tech) in Electronics and Communication Engineering,Indian Institute of Technology Madras,Chennai,Tamil Nadu,1,https://www.iitm.ac.in,"* Interest in understanding and manipulating electronic devices and systems
* Passion for studying the principles of communication and signal processing
* Fascination with the interplay between hardware and software in digital systems
* Curiosity about the design and implementation of electronic circuits
* Desire to contribute to advancements in electronic and communication technologies"
9. Bachelor of Technology (B.Tech) in Engineering Physics,Indian Institute of Technology Madras,Chennai,Tamil Nadu,1,https://www.iitm.ac.in,"**Interests and Passions for Bachelor of Technology (B.Tech) in Engineering Physics:**

* Physics and its applications
* Problem-solving and analytical thinking
* Designing and developing systems
* Computing and data analysis
* Renewable energy and sustainability"
10. Bachelor of Technology (B.Tech) in Industrial Engineering,Indian Institute of Technology Madras,Chennai,Tamil Nadu,1,https://www.iitm.ac.in,"**B.Tech in Industrial Engineering**

* Interest in designing and improving industrial processes
* Passion for optimizing manufacturing operations
* Interest in applying engineering principles to industrial settings
* Passion for using data analysis and modeling to solve industrial problems
* Interest in sustainable manufacturing practices"
11. Bachelor of Technology (B.Tech) in Materials Science and Engineering,Indian Institute of Technology Madras,Chennai,Tamil Nadu,1,https://www.iitm.ac.in,"**Interests and Passions for Bachelor of Technology (B.Tech) in Materials Science and Engineering:**

* Interest in understanding the fundamental properties and behavior of materials
* Passion for exploring and developing new materials with advanced functionalities
* Curiosity about the role of materials in various technological applications
* Desire to contribute to the advancement of materials science and engineering
* Fascination with the microstructure and nanostructure of materials and their impact on properties"
12. Bachelor of Technology (B.Tech) in Mechanical Engineering,Indian Institute of Technology Madras,Chennai,Tamil Nadu,1,https://www.iitm.ac.in,"**Interests and Passions for Mechanical Engineering:**

- *Design and Analysis of Mechanical Systems*
- *Engineering Materials and Manufacturing Processes*
- *Robotics and Automation*
- *Thermal Engineering and Fluid Mechanics*
- *Aerospace and Automotive Engineering*"
13. Bachelor of Technology (B.Tech) in Metallurgical and Materials Engineering,Indian Institute of Technology Madras,Chennai,Tamil Nadu,1,https://www.iitm.ac.in,"**Interests of students who may take B.Tech in Metallurgical and Materials Engineering**

* Material Science and Properties
* Metalworking, Fabrication and Casting
* Corrosion and Degradation
* Material Testing and Characterization
* Sustainable Materials and Recycling"
14. Bachelor of Technology (B.Tech) in Mining Engineering,Indian Institute of Technology Madras,Chennai,Tamil Nadu,1,https://www.iitm.ac.in,"**Interests**
* *Geology*
* *Earth science*
* *Environmental science*
* *Resource management*
* *Engineering design*

**Passions**
* *Exploring the earth's subsurface*
* *Preserving mineral resources*
* *Developing sustainable mining practices*
* *Solving complex engineering problems*
* *Making a positive impact on the mining industry*"
15. Bachelor of Technology (B.Tech) in Naval Architecture and Ocean Engineering,Indian Institute of Technology Madras,Chennai,Tamil Nadu,1,https://www.iitm.ac.in,"**Naval Architecture**
* *Interest in ship design and construction*
* *Passion for understanding ship dynamics and hydrodynamics*
* *Fascination with maritime history and engineering*
* *Desire to contribute to the development of innovative marine vessels*
* *Interest in oceanography and naval architecture software*

**Ocean Engineering**
* *Passion for the marine environment and oceanography*
* *Interest in designing and developing structures for offshore operations*
* *Fascination with renewable energy technologies for marine applications*
* *Desire to contribute to the sustainable development of ocean resources*
* *Interest in coastal engineering and environmental protection*"
1. Bachelor of Science (Research),Indian Institute of Science,Bengaluru,Karnataka,2,https://www.iisc.ac.in/,"**Bachelor of Science (Research)**

* Curiosity and desire to contribute to scientific knowledge
* Strong analytical and problem-solving skills
* Interest in conducting independent research
* Passion for interdisciplinary collaboration
* Aspiration to pursue a career in academia or research and development"
2. Bachelor of Science (Engineering),Indian Institute of Science,Bengaluru,Karnataka,2,https://www.iisc.ac.in/,"* Astronomy
* Architecture
* Building design
* Computer science
* Electronics"
3. Bachelor of Science (Economics),Indian Institute of Science,Bengaluru,Karnataka,2,https://www.iisc.ac.in/,"* Bachelor of Science (Economics) Course *

* Desire to understand economic principles and theories
* Interest in analyzing economic data and drawing insights
* Passion for understanding the role of government and markets in the economy
* Curiosity about international economic issues
* Aspiration to pursue a career in finance, consulting, or public policy"
4. Bachelor of Science (Management),Indian Institute of Science,Bengaluru,Karnataka,2,https://www.iisc.ac.in/,"**Bachelor of Science (Management)**

* Interest in business and management principles
* Desire to lead and manage teams
* Passion for problem-solving and decision-making
* Enthousiasm for finance, accounting, and economics
* Aptitude for strategic planning and implementation"
"5. Bachelor of Arts, Research and Design (BARD)",Indian Institute of Science,Bengaluru,Karnataka,2,https://www.iisc.ac.in/,"**Bachelor of Arts, Research, and Design (BARD)**

* Art history
* Museum studies
* Design theory
* Research methods
* Art and technology
* Critical theory
* Aesthetics
* Visual culture
* Creative writing
* Interdisciplinary studies"
1. Bachelor of Technology (BTech) in Aerospace Engineering,Indian Institute of Technology Delhi,New Delhi,Delhi,3,https://www.iitd.ac.in/,"**Bachelor of Technology (BTech) in Aerospace Engineering**

* Interest in space exploration
* Fascination with aircraft and aviation
* Passion for solving complex engineering problems
* Desire to contribute to the advancement of aerospace technology
* Aspiration to design and develop cutting-edge aerospace systems"
2. Bachelor of Technology (BTech) in Chemical Engineering,Indian Institute of Technology Delhi,New Delhi,Delhi,3,https://www.iitd.ac.in/,"**Interests:**

* Interest in chemistry and its applications
* Passion for solving complex scientific problems
* Curiosity about the design and operation of chemical processes
* Fascination with the transformative impact of chemical engineering on various industries
* Desire to create sustainable and innovative solutions for emerging challenges"
3. Bachelor of Technology (BTech) in Civil Engineering,Indian Institute of Technology Delhi,New Delhi,Delhi,3,https://www.iitd.ac.in/,"**Interests and Passions for BTech in Civil Engineering**

* Interest in design and construction of structures
* Passion for solving complex engineering problems
* Appreciation for the impact of civil engineering on society
* Desire to create sustainable and resilient infrastructure
* Fascination with the properties and behavior of materials"
4. Bachelor of Technology (BTech) in Computer Science and Engineering,Indian Institute of Technology Delhi,New Delhi,Delhi,3,https://www.iitd.ac.in/,"* Interest in developing software and applications
* Passion for solving complex problems using technology
* Fascination with computer hardware and architecture
* Desire to design and implement innovative technological solutions
* Enthusiasm for exploring the latest advancements in computer science"
5. Bachelor of Technology (BTech) in Electrical Engineering,Indian Institute of Technology Delhi,New Delhi,Delhi,3,https://www.iitd.ac.in/,"**Interests and Passions for Bachelor of Technology (BTech) in Electrical Engineering:**

* High voltage engineering
* Microelectronics
* Digital signal processing
* Control systems
* Renewable energy"
6. Bachelor of Technology (BTech) in Electronics and Communication Engineering,Indian Institute of Technology Delhi,New Delhi,Delhi,3,https://www.iitd.ac.in/,"**Interests and Passions Leading to a BTech in Electronics and Communication Engineering**

* Interest in electronic devices and systems
* Passion for designing and analyzing communication systems
* Fascination with wireless technologies and networks
* Desire to understand the fundamentals of information theory
* Interest in the applications of electronics in various industries"
7. Bachelor of Technology (BTech) in Industrial and Production Engineering,Indian Institute of Technology Delhi,New Delhi,Delhi,3,https://www.iitd.ac.in/,"**Interests and Passions for Bachelor of Technology (BTech) in Industrial and Production Engineering:**

* Process improvement
* Efficiency optimization
* Supply chain management
* Quality control
* Data analysis
* Problem-solving
* Project management
* Operations research
* Ergonomics
* Robotics"
8. Bachelor of Technology (BTech) in Mechanical Engineering,Indian Institute of Technology Delhi,New Delhi,Delhi,3,https://www.iitd.ac.in/,"* Interest in designing and developing mechanical systems
* Passion for understanding the physical world
* Curiosity about how machines and devices work
* Ability to solve complex problems
* Aptitude for mathematics and physics"
9. Bachelor of Technology (BTech) in Metallurgical and Materials Engineering,Indian Institute of Technology Delhi,New Delhi,Delhi,3,https://www.iitd.ac.in/,"* Application of scientific and engineering principles to design and develop new materials
* Understanding the properties and behavior of metals and other materials
* Exploring the role of materials in energy, transportation, and other industries
* Investigating the effects of manufacturing processes on materials properties
* Designing and implementing experiments to evaluate materials performance"
10. Bachelor of Technology (BTech) in Mining Engineering,Indian Institute of Technology Delhi,New Delhi,Delhi,3,https://www.iitd.ac.in/,"* Interest in exploring and extracting valuable minerals from the earth
* Passion for solving complex engineering challenges related to underground operations
* Desire to work in a dynamic and fast-paced industry with global impact
* Fascination with the science and technology behind mining processes and equipment
* Ambition to contribute to sustainable and responsible resource management"
11. Bachelor of Arts (BA) in Humanities and Social Sciences,Indian Institute of Technology Delhi,New Delhi,Delhi,3,https://www.iitd.ac.in/,"**Humanities**

* Literature
* History
* Philosophy
* Languages
* Art

**Social Sciences**

* Sociology
* Anthropology
* Economics
* Psychology
* Political Science"
12. Bachelor of Science (BSc) in Mathematics and Computing,Indian Institute of Technology Delhi,New Delhi,Delhi,3,https://www.iitd.ac.in/,"**Bachelor of Science (BSc) in Mathematics:**

* * Interest in analytical thinking and problem-solving
* * Passion for abstract concepts and mathematical theories
* * Desire to apply mathematical principles to real-world problems
* * Strong numerical and analytical skills
* * Curiosity about the foundations of mathematics

**Bachelor of Science (BSc) in Computing:**

* * Interest in technology and its applications
* * Passion for understanding computer systems and software
* * Desire to develop and analyze computational models
* * Strong logical and problem-solving abilities
* * Fascination with the intersection of technology and other fields"
13. Bachelor of Science (BSc) in Physics,Indian Institute of Technology Delhi,New Delhi,Delhi,3,https://www.iitd.ac.in/,"* Physics principles and concepts
* Mathematical modeling and problem solving
* Experimental design and data analysis
* Curiosity about the physical world
* Interest in technology and its applications"
14. Bachelor of Science (BSc) in Chemistry,Indian Institute of Technology Delhi,New Delhi,Delhi,3,https://www.iitd.ac.in/,"**Interests and Passions Leading to Bachelor of Science (BSc) in Chemistry**

* Analytical thinking
* Problem-solving abilities
* Curiosity about the natural world
* Fascination with the structure and properties of matter
* Desire to understand the chemical processes that shape our world"
1. Aerospace Engineering,Indian Institute of Technology Bombay,,Maharashtra,4,https://www.iitb.ac.in/,"**Aerospace Engineering**

* Passion for aviation and space exploration
* Interest in aircraft and spacecraft design
* Fascination with aerodynamics and propulsion
* Desire to understand the mechanics of flight
* Curiosity about the properties and behavior of materials in aerospace environments"
2. Chemical Engineering,Indian Institute of Technology Bombay,,Maharashtra,4,https://www.iitb.ac.in/,"**Chemical Engineering:**
* *Design and optimization of chemical processes*
* *Development of new materials and technologies*
* *Understanding the properties and behavior of chemicals*
* *Environmental sustainability and pollution control*
* *Energy efficiency and renewable energy sources*"
3. Civil Engineering,Indian Institute of Technology Bombay,,Maharashtra,4,https://www.iitb.ac.in/,"**Mechanical Engineering**
* *Designing and building machines and engines*
* *Solving complex mechanical problems*
* *Working with precision tools and equipment*
* *Understanding the principles of physics and mathematics*
* *Working in a team environment*

**Civil Engineering**
* *Designing and building bridges, roads, and buildings*
* *Improving infrastructure and public works*
* *Protecting the environment*
* *Managing construction projects*
* *Using sustainable building materials*

**Electrical Engineering**
* *Designing and building electrical systems*
* *Working with electricity and electronics*
* *Understanding the principles of circuits and magnetism*
* *Troubleshooting electrical problems*
* *Working on power plants and other electrical facilities*

**Computer Engineering**
* *Designing and building computer systems*
* *Working with hardware and software*
* *Understanding the principles of computer science*
* *Programming and developing software*
* *Working on computer networks and systems*

**Chemical Engineering**
* *Designing and operating chemical plants*
* *Working with chemicals and materials*
* *Understanding the principles of chemistry and physics*
* *Developing new products and processes*
* *Working in the pharmaceutical, food, or energy industries*"
4. Computer Science and Engineering,Indian Institute of Technology Bombay,,Maharashtra,4,https://www.iitb.ac.in/,"**Computer Science**

* Problem-solving
* Innovation
* Technology
* Programming
* Data analysis

**Engineering**

* Problem-solving
* Designing
* Building
* Technology
* Innovation"
5. Electrical Engineering,Indian Institute of Technology Bombay,,Maharashtra,4,https://www.iitb.ac.in/,"**Electrical Engineering Interests and Passions**

* Understanding how electricity works
* Designing and building electrical systems
* Solving complex electrical problems
* Advancing technology through electrical innovations
* Collaborating with others to create electrical solutions"
6. Mechanical Engineering,Indian Institute of Technology Bombay,,Maharashtra,4,https://www.iitb.ac.in/,"* Interest in designing and building machines
* Passion for understanding how things work
* Desire to solve complex technical problems
* Drive to use math and science to create practical solutions
* Curiosity about the physical world"
1. Bachelor of Technology (B.Tech) in Aerospace Engineering,Indian Institute of Technology Kanpur,Kanpur,Uttar Pradesh,5,https://www.iitk.ac.in/,"* Interest in space exploration and discovery
* Fascination with aircraft design and performance
* Desire to push the boundaries of aviation technology
* Passion for problem-solving and innovation
* Interest in the mechanics of flight and fluid dynamics"
2. Bachelor of Technology (B.Tech) in Chemical Engineering,Indian Institute of Technology Kanpur,Kanpur,Uttar Pradesh,5,https://www.iitk.ac.in/,"**Interests and Passions for B.Tech in Chemical Engineering:**

* Interest in mathematics, physics, and chemistry
* Passion for problem-solving and analytical thinking
* Desire to understand and improve industrial processes
* Curiosity about sustainability and environmental issues
* Aspiration to work in the chemical, pharmaceutical, or energy industries"
3. Bachelor of Technology (B.Tech) in Civil Engineering,Indian Institute of Technology Kanpur,Kanpur,Uttar Pradesh,5,https://www.iitk.ac.in/,"* Analyzing and designing structures and infrastructure
* Understanding the behavior of building materials and systems
* Solving complex engineering problems
* Applying scientific principles to real-world challenges
* Collaborating with professionals in the construction industry"
4. Bachelor of Technology (B.Tech) in Computer Science and Engineering,Indian Institute of Technology Kanpur,Kanpur,Uttar Pradesh,5,https://www.iitk.ac.in/,"**Bachelor of Technology (B.Tech) in Computer Science and Engineering**

* Passion for solving complex coding problems
* Interest in developing and implementing software solutions
* Fascination with the intricacies of computer hardware and software
* Desire to drive innovation in the field of technology
* Curiosity about the potential of artificial intelligence, machine learning, and data analytics"
5. Bachelor of Technology (B.Tech) in Electrical Engineering,Indian Institute of Technology Kanpur,Kanpur,Uttar Pradesh,5,https://www.iitk.ac.in/,"**Interests and Passions for B.Tech in Electrical Engineering:**

* Electronics and circuits
* Electric power systems
* Control systems
* Renewable energy
* Robotics and automation"
6. Bachelor of Technology (B.Tech) in Electronics and Communication Engineering,Indian Institute of Technology Kanpur,Kanpur,Uttar Pradesh,5,https://www.iitk.ac.in/,"* Interest in electronics and their applications
* Passion for understanding and designing communication systems
* Enthusiasm for problem-solving and innovation
* Desire to create and develop technological solutions
* Fascination with the principles of signal processing and information theory"
7. Bachelor of Technology (B.Tech) in Industrial and Management Engineering,Indian Institute of Technology Kanpur,Kanpur,Uttar Pradesh,5,https://www.iitk.ac.in/,"**Interests and Passions for B.Tech in Industrial and Management Engineering:**

* Process optimization
* Data analysis
* Systems engineering
* Project management
* Lean manufacturing
* Supply chain management
* Operations research
* Simulation modeling
* Ergonomics
* Automation"
8. Bachelor of Technology (B.Tech) in Materials Science and Engineering,Indian Institute of Technology Kanpur,Kanpur,Uttar Pradesh,5,https://www.iitk.ac.in/,"**Interests and Passions for Materials Science and Engineering**

* Interest in understanding the properties of materials
* Passion for designing and testing new materials
* Curiosity about how materials interact with each other
* Desire to solve real-world problems using materials science
* Fascination with emerging technologies and their applications in materials"
9. Bachelor of Technology (B.Tech) in Mechanical Engineering,Indian Institute of Technology Kanpur,Kanpur,Uttar Pradesh,5,https://www.iitk.ac.in/,"* Advanced manufacturing techniques
* Automotive engineering
* Computer-aided design (CAD)
* Robotics
* Mechatronics"
10. Bachelor of Technology (B.Tech) in Textile Engineering,Indian Institute of Technology Kanpur,Kanpur,Uttar Pradesh,5,https://www.iitk.ac.in/,"**Interests:**

* *Fashion and textiles*
* *Materials science*
* *Design and aesthetics*
* *Sustainability and environmental concerns*
* *Innovation and technology*

**Passions:**

* *Creating unique and stylish fabrics and garments*
* *Developing and optimizing textile manufacturing processes*
* *Exploring the latest advancements in textile technology*
* *Promoting sustainable and environmentally friendly textile practices*
* *Designing and manufacturing textiles that meet specific functional and performance requirements*"
1. Bachelor of Medicine and Bachelor of Surgery (MBBS),"All India Institute of Medical Sciences, Delhi",New Delhi,Delhi,6,https://www.aiims.edu,"* Interest in human biology and physiology
* Desire to help others and improve the health of communities
* Passion for solving complex medical problems
* Fascination with the scientific advancements in medicine
* Aspiration to make a difference in the lives of patients"
2. Bachelor of Science (Hons) in Nursing,"All India Institute of Medical Sciences, Delhi",New Delhi,Delhi,6,https://www.aiims.edu,"**Bachelor of Science (Hons) Nursing:**

* *Passion for helping others*
* *Desire to make a difference in people's lives*
* *Empathy and compassion*
* *Strong work ethic and dedication*
* *Interest in healthcare and medicine*"
3. Bachelor of Science (Hons) in Paramedical Technology,"All India Institute of Medical Sciences, Delhi",New Delhi,Delhi,6,https://www.aiims.edu,"**Bachelor of Science (Hons) in Paramedical Technology**

* Passion for healthcare and patient care
* Interest in medical laboratory science
* Curiosity about pathology and disease processes
* Fascination with cutting-edge medical technology
* Desire to contribute to the diagnosis and treatment of patients"
4. Bachelor of Occupational Therapy (BOT),"All India Institute of Medical Sciences, Delhi",New Delhi,Delhi,6,https://www.aiims.edu,"**Bachelor of Occupational Therapy (BOT)**

* Interest in helping people improve their physical and cognitive function
* Passion for working with individuals with disabilities or injuries
* Desire to make a difference in the lives of others
* Ability to empathize and connect with people from diverse backgrounds
* Strong interpersonal and communication skills"
5. Bachelor of Physiotherapy (BPT),"All India Institute of Medical Sciences, Delhi",New Delhi,Delhi,6,https://www.aiims.edu,"**Interests and Passions for Bachelor of Physiotherapy (BPT)**

* Passion for helping and improving the lives of others
* Interest in the human body and its functions
* Desire to work in a healthcare profession
* Passion for promoting wellness and fitness
* Interest in rehabilitation and injury prevention"
6. Bachelor of Audiology and Speech Language Pathology (BASLP),"All India Institute of Medical Sciences, Delhi",New Delhi,Delhi,6,https://www.aiims.edu,"**Interests and Passions for BASLP:**

* Helping individuals improve their communication skills
* Understanding the complexities of human language
* Using technology to enhance speech and hearing
* Working with people from diverse backgrounds
* Making a difference in the lives of others"
1. Aerospace Engineering,Indian Institute of Technology Kharagpur,Kharagpur,West Bengal,7,https://www.iitkgp.ac.in/,"**Aerospace Engineering**

* Designing and building aircraft, spacecraft, and other aerospace systems
* Analyzing and solving complex engineering problems
* Conducting research to develop new technologies
* Working in a team environment
* Applying creativity and innovation to solve real-world problems"
2. Agricultural and Food Engineering,Indian Institute of Technology Kharagpur,Kharagpur,West Bengal,7,https://www.iitkgp.ac.in/,"**Agricultural Engineering:**

* *Interest in agricultural machinery and equipment*
* *Passion for sustainable farming practices*
* *Drive to improve agricultural productivity*
* *Desire to design and develop agricultural systems*
* *Enthusiasm for working in rural environments*

**Food Engineering:**

* *Interest in food safety and quality*
* *Passion for food processing and preservation*
* *Drive to innovate in the food industry*
* *Desire to design and develop food products*
* *Enthusiasm for working in a fast-paced environment*"
3. Architecture and Regional Planning,Indian Institute of Technology Kharagpur,Kharagpur,West Bengal,7,https://www.iitkgp.ac.in/,"**Architecture**

* *Building design and construction*
* *Interior and exterior space planning*
* *History and preservation of architectural styles*
* *Sustainability and environmental considerations in design*
* *Technical drawing and computer-aided design (CAD)**

**Regional Planning**

* *Land use and environmental planning*
* *Community development and revitalization*
* *Transportation and infrastructure planning*
* *Urban design and planning*
* *Geographic information systems (GIS)**"
4. Biotechnology,Indian Institute of Technology Kharagpur,Kharagpur,West Bengal,7,https://www.iitkgp.ac.in/,"**Biotechnology**

* Interest in manipulating genes and cells
* Passion for developing new drugs and therapies
* Desire to understand the molecular basis of disease
* Aspiration to create new biomaterials and products
* Fascination with the potential of genetic engineering to solve global challenges"
5. Chemical Engineering,Indian Institute of Technology Kharagpur,Kharagpur,West Bengal,7,https://www.iitkgp.ac.in/,"**Chemical Engineering**

* Problem-solving using mathematical and scientific principles
* Designing and optimizing chemical processes
* Developing new materials and products
* Understanding and controlling chemical reactions
* Improving environmental sustainability"
6. Chemistry,Indian Institute of Technology Kharagpur,Kharagpur,West Bengal,7,https://www.iitkgp.ac.in/,"**Chemistry**

* * Curiosity about the composition and properties of matter
* * Desire to understand chemical reactions and their applications
* * Interest in the role of chemistry in medicine, engineering, and other fields
* * Passion for problem-solving, experimentation, and critical thinking
* * Appreciation for the beauty and elegance of chemical models and theories"
7. Civil Engineering,Indian Institute of Technology Kharagpur,Kharagpur,West Bengal,7,https://www.iitkgp.ac.in/,"**Civil Engineering**

* Infrastructure planning and design
* Environmental sustainability
* Structural analysis and design
* Transportation engineering
* Water resources management"
8. Computer Science and Engineering,Indian Institute of Technology Kharagpur,Kharagpur,West Bengal,7,https://www.iitkgp.ac.in/,"**Computer Science:**

* * Creating and developing software applications
* * Building websites and mobile apps
* * Data analysis and machine learning
* * Artificial intelligence and robotics
* * Cybersecurity

**Engineering:**

* * Designing and building hardware systems
* * Analyzing and solving technical problems
* * Project management and teamwork
* * Robotics and automation
* * Aerospace and automotive engineering"
9. Earth Sciences,Indian Institute of Technology Kharagpur,Kharagpur,West Bengal,7,https://www.iitkgp.ac.in/,"**Geology**
* Fossils and paleontology
* Minerals and rocks
* Earthquakes and volcanoes
* Geological mapping and exploration
* Natural resources

**Oceanography**
* Marine ecosystems and biodiversity
* Ocean currents and circulation
* Seafloor exploration and mapping
* Climate change and ocean acidification
* Marine conservation"
10. Electrical Engineering,Indian Institute of Technology Kharagpur,Kharagpur,West Bengal,7,https://www.iitkgp.ac.in/,"* **Electrical Engineering:**
    * Designing electrical circuits and systems
    * Troubleshooting and repairing electrical equipment
    * Developing new electrical technologies
    * Working with renewable energy sources
    * Automating industrial processes"
11. Electronics and Electrical Communication Engineering,Indian Institute of Technology Kharagpur,Kharagpur,West Bengal,7,https://www.iitkgp.ac.in/,"**Electronics Engineering**
* *Interest in designing and developing electronic circuits and systems*
* *Passion for understanding the behavior of electronic devices*
* *Ability to analyze and troubleshoot complex electronic systems*
* *Interest in applying electronics to solve real-world problems*
* *Curiosity about the latest advancements in electronics technology*

**Electrical Communication Engineering**
* *Interest in understanding the principles of communication systems*
* *Passion for designing and developing communication networks*
* *Ability to analyze and optimize communication protocols*
* *Interest in exploring the applications of communication technology*
* *Desire to contribute to the advancement of communication systems*"
12. Humanities and Social Sciences,Indian Institute of Technology Kharagpur,Kharagpur,West Bengal,7,https://www.iitkgp.ac.in/,"**Humanities**
* Literature
* Philosophy
* History
* Art
* Languages

**Social Sciences**
* Sociology
* Psychology
* Economics
* Political Science
* Anthropology"
13. Industrial and Systems Engineering,Indian Institute of Technology Kharagpur,Kharagpur,West Bengal,7,https://www.iitkgp.ac.in/,"**Industrial Engineering**

* Optimization and efficiency improvement
* Data analysis and modeling
* Process design and improvement
* Human factors and ergonomics
* Operations research

**Systems Engineering**

* Large-scale system design and integration
* Complex problem solving
* Requirements analysis and management
* Simulation and modeling
* Risk assessment and management"
14. Materials Science and Engineering,Indian Institute of Technology Kharagpur,Kharagpur,West Bengal,7,https://www.iitkgp.ac.in/,"**Materials Science and Engineering**
* Understanding the structure and properties of materials
* Developing and improving materials for use in various applications
* Designing and fabricating new materials with improved properties
* Analyzing and testing materials to ensure their performance and safety
* Characterizing and evaluating the properties of materials"
15. Mathematics and Computing,Indian Institute of Technology Kharagpur,Kharagpur,West Bengal,7,https://www.iitkgp.ac.in/,"**Mathematics:**

* * Interest in abstract reasoning and problem-solving
* * Aptitude for working with numbers and symbols
* * Curiosity about the underlying principles of the world
* * Desire to develop critical thinking and analytical skills
* * Ambition to pursue a career in mathematics, engineering, or other STEM fields

**Computing:**

* * Fascination with computers and technology
* * Interest in programming and software development
* * Desire to create and solve complex problems using computation
* * Curiosity about how computers work and how they can be used
* * Ambition to pursue a career in computer science, software engineering, or related fields"
16. Mechanical Engineering,Indian Institute of Technology Kharagpur,Kharagpur,West Bengal,7,https://www.iitkgp.ac.in/,"**Mechanical Engineering**
* Interest in machines and their functioning
* Curiosity about how things move
* Enjoyment of hands-on projects
* Passion for design and innovation
* Eagerness to solve practical problems"
17. Metallurgical and Materials Engineering,Indian Institute of Technology Kharagpur,Kharagpur,West Bengal,7,https://www.iitkgp.ac.in/,"**Metallurgical Engineering**

* *Interest in understanding the properties of metals and alloys*
* *Passion for developing new materials with enhanced properties*
* *Desire to improve the performance of existing materials*
* *Fascination with the science of metalworking and metal fabrication*
* *Aspiration to work in the manufacturing or materials research industry*

**Materials Engineering**

* *Passion for creating and studying the properties of advanced materials*
* *Interest in understanding the relationships between materials structure and properties*
* *Desire to develop sustainable and environmentally friendly materials*
* *Fascination with the use of materials in electronic devices, biomedical applications, and energy systems*
* *Aspiration to work in research and development or materials manufacturing*"
18. Mining Engineering,Indian Institute of Technology Kharagpur,Kharagpur,West Bengal,7,https://www.iitkgp.ac.in/,"**Mining Engineering**

* Developing innovative mining technologies
* Designing and managing mine operations
* Exploring and assessing mineral resources
* Promoting sustainable mining practices
* Applying engineering principles to solve mining-related challenges"
19. Naval Architecture and Marine Engineering,Indian Institute of Technology Kharagpur,Kharagpur,West Bengal,7,https://www.iitkgp.ac.in/,"**Naval Architecture**

* * Passion for shipbuilding and maritime design
* * Interest in hydrodynamics and fluid mechanics
* * Understanding of structural engineering principles
* * Appreciation of naval history and maritime culture
* * Desire to design and build ships that meet specific performance requirements

**Marine Engineering**

* * Fascination with marine propulsion systems
* * Interest in thermodynamics and heat transfer
* * Knowledge of mechanical engineering principles
* * Desire to understand and maintain marine power plants
* * Aspiration to work in the maritime industry or offshore sector"
20. Ocean Engineering and Naval Architecture,Indian Institute of Technology Kharagpur,Kharagpur,West Bengal,7,https://www.iitkgp.ac.in/,"**Ocean Engineering:**

* *Interest in marine environments*
* *Passion for underwater exploration*
* *Environmental concerns*
* *Desire to develop sustainable marine technologies*
* *Fascination with ocean dynamics*

**Naval Architecture:**

* *Interest in ship design and construction*
* *Passion for maritime transportation*
* *Desire to understand ship mechanics*
* *Curiosity about naval history*
* *Interest in military engineering*"
21. Physics,Indian Institute of Technology Kharagpur,Kharagpur,West Bengal,7,https://www.iitkgp.ac.in/,"* Astronomy and Astrophysics
* Music and Sound
* Engineering and Architecture
* Electronics and Computers
* Medical Physics"
22. Production Engineering,Indian Institute of Technology Kharagpur,Kharagpur,West Bengal,7,https://www.iitkgp.ac.in/,"**Production Engineering**

* Interest in understanding and optimizing manufacturing processes
* Passion for problem-solving and continuous improvement
* Curiosity about the latest technologies in manufacturing
* Desire to work in a fast-paced and dynamic environment
* Appreciation for the role of data analytics in enhancing production efficiency"
1. B.Tech. in Civil Engineering,Indian Institute of Technology Roorkee,Roorkee,Uttarakhand,8,https://iitr.ac.in/,"**Computer Science & Engineering**
* Programming and coding
* Software development and design
* Artificial intelligence and machine learning
* Data science and analytics
* Cybersecurity

**Electronics & Communication Engineering**
* Electronic circuits and systems
* Signal processing and communication
* Microcontrollers and embedded systems
* Robotics and automation
* Wireless communication and networks

**Mechanical Engineering**
* Machine design and analysis
* Automotive engineering
* Thermal and fluid systems
* Robotics and mechatronics
* Manufacturing engineering

**Civil Engineering**
* Structural design and analysis
* Geotechnical engineering
* Water resources engineering
* Transportation engineering
* Environmental engineering

**Electrical Engineering**
* Power systems and distribution
* Electrical machines and drives
* Control systems and automation
* Renewable energy sources
* Power electronics"
2. B.Tech. in Mechanical Engineering,Indian Institute of Technology Roorkee,Roorkee,Uttarakhand,8,https://iitr.ac.in/,"**Computer Science and Engineering**
* Software development
* Artificial intelligence
* Data science
* Machine learning
* Web development

**Mechanical Engineering**
* Product design
* Machine design
* Thermodynamics
* Fluid mechanics
* Mechatronics

**Civil Engineering**
* Structural design
* Transportation engineering
* Water resources management
* Environmental engineering
* Geotechnical engineering

**Electrical and Electronics Engineering**
* Power systems
* Power electronics
* Control systems
* Signal processing
* VLSI design

**Electronics and Communication Engineering**
* Analog and digital circuits
* Embedded systems
* Communication networks
* Signal processing
* Antennas and wave propagation"
3. B.Tech. in Electrical Engineering,Indian Institute of Technology Roorkee,Roorkee,Uttarakhand,8,https://iitr.ac.in/,"**Computer Science and Engineering**
* *Problem-solving and logical thinking*
* *Software development and design*
* *Data analysis and visualization*
* *Artificial intelligence and machine learning*
* *Cybersecurity*

**Electrical and Electronics Engineering**
* *Circuit design and analysis*
* *Power systems and renewable energy*
* *Electronics and instrumentation*
* *Control systems and automation*
* *Telecommunications*

**Mechanical Engineering**
* *Design and analysis of machines*
* *Manufacturing and materials science*
* *Thermal engineering and fluids*
* *Robotics and automation*
* *Automotive engineering*

**Civil Engineering**
* *Structural design and analysis*
* *Geotechnical engineering and soil mechanics*
* *Water resources and environmental engineering*
* *Transportation engineering*
* *Construction management*

**Chemical Engineering**
* *Process design and optimization*
* *Chemical reaction engineering*
* *Thermodynamics and heat transfer*
* *Biotechnology and pharmaceuticals*
* *Materials science and engineering*"
4. B.Tech. in Electronics and Communication Engineering,Indian Institute of Technology Roorkee,Roorkee,Uttarakhand,8,https://iitr.ac.in/,"**Computer Science and Engineering**

* *Problem-solving*
* *Algorithms and data structures*
* *Artificial intelligence*
* *Computer architecture*
* *Database management*

**Electronics and Communication Engineering**

* *Circuit design*
* *Signal processing*
* *Electromagnetics*
* *Communication systems*
* *Control systems*

**Mechanical Engineering**

* *Design and analysis of machines*
* *Thermodynamics and fluid mechanics*
* *Manufacturing processes*
* *Materials science*
* *Mechatronics*

**Electrical Engineering**

* *Power systems*
* *Control systems*
* *Circuit analysis*
* *Electronics*
* *Renewable energy*

**Civil Engineering**

* *Structural analysis and design*
* *Construction materials and methods*
* *Geotechnical engineering*
* *Environmental engineering*
* *Transportation engineering*"
5. B.Tech. in Computer Science and Engineering,Indian Institute of Technology Roorkee,Roorkee,Uttarakhand,8,https://iitr.ac.in/,"**Computer Science and Engineering (CSE):**
* *Problem-solving*
* *Coding and programming*
* *Developing software and applications*
* *Quantum computing*
* *Artificial intelligence (AI)*

**Mechanical Engineering (ME):**
* *Designing and building machines*
* *Thermal engineering*
* *Robotics*
* *Automotive engineering*
* *Aerospace engineering*

**Electrical and Electronics Engineering (EEE):**
* *Electricity and electrical circuits*
* *Electronics devices and systems*
* *Power generation and distribution*
* *Renewable energy*
* *Control systems*

**Civil Engineering (CE):**
* *Design and construction of structures*
* *Environmental engineering*
* *Transportation engineering*
* *Water resources engineering*
* *Geotechnical engineering*

**Chemical Engineering (ChE):**
* *Process design and optimization*
* *Chemical reactions and kinetics*
* *Biotechnology*
* *Pharmaceutical engineering*
* *Environmental engineering*"
6. B.Tech. in Biotechnology,Indian Institute of Technology Roorkee,Roorkee,Uttarakhand,8,https://iitr.ac.in/,"**B.Tech in Computer Science**
* Problem-solving and analytical skills
* Passion for technology and software development
* Interest in algorithms, data structures, and coding
* Curiosity about how computers and networks work
* Desire to design, develop, and implement software systems

**B.Tech in Mechanical Engineering**
* Interesse in machines, design, and manufacturing
* Passion for physics, math, and engineering
* Strong analytical and problem-solving skills
* Desire to design, analyze, and optimize mechanical systems
* Interest in robotics, automation, and renewable energy

**B.Tech in Electrical Engineering**
* Passion for electricity, electronics, and circuits
* Strong foundation in math and physics
* Interest in power generation, transmission, and distribution
* Curiosity about electronics, communication systems, and control systems
* Desire to design, test, and maintain electrical systems

**B.Tech in Chemical Engineering**
* Interest in chemistry, biology, and process engineering
* Passion for applying scientific principles to chemical processes
* Strong analytical and problem-solving skills
* Desire to design, optimize, and control chemical plants
* Curiosity about environmental sustainability and energy efficiency

**B.Tech in Civil Engineering**
* Passion for design, construction, and infrastructure
* Strong foundation in math, physics, and engineering
* Interest in structural analysis, geotechnical engineering, and transportation systems
* Desire to design, build, and maintain critical infrastructure
* Curiosity about sustainability and resilient design"
7. B.Tech. in Chemical Engineering,Indian Institute of Technology Roorkee,Roorkee,Uttarakhand,8,https://iitr.ac.in/,"**Computer Science Engineering**
* Programming and software development
* Artificial intelligence and machine learning
* Data science and analytics
* Cloud computing and networking
* Cyber security

**Electrical Engineering**
* Power systems and renewable energy
* Electronics and semiconductor devices
* Telecommunications and signal processing
* Robotics and control systems
* Embedded systems

**Mechanical Engineering**
* Design and analysis of machines and structures
* Automotive engineering and transportation
* Fluid mechanics and heat transfer
* Manufacturing and materials science
* Robotics and automation

**Civil Engineering**
* Structural design and analysis
* Geotechnical engineering and soil mechanics
* Water resources and environmental engineering
* Transportation planning and design
* Construction management

**Chemical Engineering**
* Chemical processes and reactors
* Thermodynamics and heat transfer
* Materials science and engineering
* Biotechnology and pharmaceuticals
* Environmental engineering"
8. B.Tech. in Architecture,Indian Institute of Technology Roorkee,Roorkee,Uttarakhand,8,https://iitr.ac.in/,"**Computer Science and Engineering**
* *Software Development*
* *Artificial Intelligence and Machine Learning*
* *Cybersecurity*
* *Data Analytics*
* *Cloud Computing*

**Mechanical Engineering**
* *Automotive Engineering*
* *Robotics*
* *Manufacturing*
* *Thermal Engineering*
* *Mechatronics*

**Civil Engineering**
* *Structural Engineering*
* *Transportation Engineering*
* *Environmental Engineering*
* *Geotechnical Engineering*
* *Water Resources Engineering*

**Electrical Engineering**
* *Power Systems*
* *Electronics and Communication Engineering*
* *Control Systems*
* *Renewable Energy*
* *Power Electronics*

**Electronics and Communication Engineering**
* *VLSI Design*
* *Wireless Communication*
* *Signal Processing*
* *Optical Communication*
* *Embedded Systems*"
9. B.Tech. in Industrial Engineering and Management,Indian Institute of Technology Roorkee,Roorkee,Uttarakhand,8,https://iitr.ac.in/,"**Computer Science**
* Problem-solving and logical thinking
* Designing and implementing software solutions
* Data analytics and machine learning
* Cloud computing
* Artificial intelligence

**Electronics and Communication Engineering**
* Circuit design and analysis
* Signal processing and communication systems
* Wireless and mobile communication
* Embedded systems
* Robotics

**Mechanical Engineering**
* Design and manufacturing of mechanical systems
* Thermal analysis and fluid mechanics
* Material science and metallurgy
* Automation and control engineering
* Mechatronics

**Civil Engineering**
* Structural design and analysis
* Geotechnical engineering
* Transportation engineering
* Water resources engineering
* Environmental engineering

**Electrical Engineering**
* Circuit theory and power systems
* Control systems and instrumentation
* Electrical machines and transformers
* Renewable energy and energy efficiency
* Power electronics"
10. B.Tech. in Environmental Engineering,Indian Institute of Technology Roorkee,Roorkee,Uttarakhand,8,https://iitr.ac.in/,"**Computer Science and Engineering:**

* *Interest in software development, programming, and algorithms*
* *Passion for problem-solving, critical thinking, and creativity*
* *Fascination with emerging technologies like artificial intelligence, machine learning, and cloud computing*
* *Desire to contribute to the development of digital solutions*
* *Enthusiasm for working in a collaborative and interdisciplinary environment*

**Information Technology:**

* *Interest in managing and securing computer systems and networks*
* *Passion for understanding and implementing IT infrastructure*
* *Fascination with cloud computing, data management, and cybersecurity*
* *Desire to provide technical support and user services*
* *Enthusiasm for staying updated with the latest IT trends*

**Mechanical Engineering:**

* *Interest in designing, building, and analyzing mechanical systems*
* *Passion for understanding principles of physics, mechanics, and materials science*
* *Fascination with automobiles, engines, and manufacturing processes*
* *Desire to create innovative solutions to real-world problems*
* *Enthusiasm for teamwork and hands-on projects*

**Civil Engineering:**

* *Interest in designing, constructing, and maintaining civil infrastructure*
* *Passion for understanding structural mechanics, geotechnical engineering, and transportation*
* *Fascination with bridges, buildings, and water management systems*
* *Desire to improve the built environment for communities*
* *Enthusiasm for environmental sustainability and urban planning*

**Electrical and Electronics Engineering:**

* *Interest in understanding and harnessing electrical and electronic systems*
* *Passion for studying circuits, electromagnetism, and control systems*
* *Fascination with robotics, renewable energy, and consumer electronics*
* *Desire to develop innovative solutions in the field of energy, automation, and telecommunications*
* *Enthusiasm for working with microprocessors, microcontrollers, and embedded systems*"
11. B.Tech. in Petroleum Engineering,Indian Institute of Technology Roorkee,Roorkee,Uttarakhand,8,https://iitr.ac.in/,"**Computer Science and Engineering:**
* *Problem-solving and logical thinking*
* *Software development and coding*
* *Data analysis and visualization*
* *Cloud computing and artificial intelligence*
* *Computer networks and security*

**Electronics and Communication Engineering:**
* *Electronic circuit design and analysis*
* *Signal processing and communication systems*
* *Embedded systems and microcontrollers*
* *Optical fibers and wireless technologies*
* *Power electronics and renewable energy*

**Mechanical Engineering:**
* *Machine design and analysis*
* *Thermal engineering and fluid mechanics*
* *Materials science and metallurgy*
* *Manufacturing processes and automation*
* *Design for sustainability*

**Civil Engineering:**
* *Structural design and analysis*
* *Environmental engineering and water resources*
* *Geotechnical engineering and soil mechanics*
* *Transportation engineering and planning*
* *Construction management and project management*

**Electrical Engineering:**
* *Power systems analysis and design*
* *Electrical machines and transformers*
* *Control systems and automation*
* *Renewable energy sources and smart grids*
* *Signal processing and digital electronics*"
12. B.Tech. in Mining Engineering,Indian Institute of Technology Roorkee,Roorkee,Uttarakhand,8,https://iitr.ac.in/,"**Computer Science and Engineering**

* * Software development
* * Artificial intelligence
* * Machine learning
* * Data science
* * Cybersecurity

**Mechanical Engineering**

* * Design and analysis
* * Manufacturing processes
* * Fluid mechanics
* * Thermodynamics
* * Robotics

**Civil Engineering**

* * Structural design
* * Geotechnical engineering
* * Water resources engineering
* * Transportation engineering
* * Environmental engineering

**Electrical and Electronics Engineering**

* * Power systems
* * Electronics design
* * Signal processing
* * Control systems
* * Telecommunications

**Chemical Engineering**

* * Process design
* * Materials science
* * Biotechnology
* * Energy
* * Sustainability"
13. B.Tech. in Metallurgical and Materials Engineering,Indian Institute of Technology Roorkee,Roorkee,Uttarakhand,8,https://iitr.ac.in/,"**Computer Science Engineering**
* * Programming and algorithms
* * Software design and development
* * Data structures and databases
* * Artificial intelligence and machine learning
* * Cloud computing and web services

**Electronics and Communication Engineering**
* * Circuit design and analysis
* * Semiconductor devices and materials
* * Communication systems and networks
* * Control systems and automation
* * Embedded systems and microcontrollers

**Mechanical Engineering**
* * Thermodynamics and heat transfer
* * Fluid mechanics and hydraulics
* * Machine design and manufacturing
* * Robotics and mechatronics
* * Aerospace engineering

**Civil Engineering**
* * Structural engineering and design
* * Geotechnical engineering and soil mechanics
* * Transportation engineering and planning
* * Environmental engineering and sustainability
* * Water resources management

**Electrical Engineering**
* * Power systems and generation
* * Distribution and transmission lines
* * Electrical machines and transformers
* * Control systems and automation
* * Renewable energy sources"
1. B.Tech in Civil Engineering,Indian Institute of Technology Guwahati,Guwahati,Assam,9,https://www.iitg.ac.in/,"**Civil Engineering:**

* * Passion for building and infrastructure
* * Interest in structural design and analysis
* * Desire to solve complex engineering problems
* * Fascination with construction materials and techniques
* * Commitment to sustainability and environmental responsibility"
2. B.Tech in Chemical Engineering,Indian Institute of Technology Guwahati,Guwahati,Assam,9,https://www.iitg.ac.in/,"* Chemical processes and reactions
* Process design and optimization
* Energy and sustainability
* Material science and engineering
* Biotechnology"
3. B.Tech in Computer Science and Engineering,Indian Institute of Technology Guwahati,Guwahati,Assam,9,https://www.iitg.ac.in/,"**Interests that may lead to pursuing B.Tech in Computer Science and Engineering:**

* Programming and software development
* Computer hardware and architecture
* Artificial intelligence and machine learning
* Data science and analytics
* Cloud computing and distributed systems"
4. B.Tech in Electrical Engineering,Indian Institute of Technology Guwahati,Guwahati,Assam,9,https://www.iitg.ac.in/,"**Interests:**

* Electricity and electronics
* Power systems
* Control systems
* Robotics
* Microelectronics"
5. B.Tech in Electronics and Communication Engineering,Indian Institute of Technology Guwahati,Guwahati,Assam,9,https://www.iitg.ac.in/,"**B.Tech in Electronics and Communication Engineering**

* Design and development of electronic devices and circuits
* Signal processing and communication systems
* Wireless and mobile communication
* Network engineering and administration
* Robotics and automation
* Embedded systems and Internet of Things (IoT)
* Cloud computing and data science
* Artificial intelligence and machine learning
* Power electronics and energy systems
* Biomedical engineering and medical devices"
6. B.Tech in Mechanical Engineering,Indian Institute of Technology Guwahati,Guwahati,Assam,9,https://www.iitg.ac.in/,"**B.Tech in Mechanical Engineering**

* Interest in designing, analyzing, and building mechanical systems
* Passion for understanding the principles of thermodynamics, fluid mechanics, and mechanics of solids
* Curiosity about the design and operation of engines, machines, and structures
* Desire to gain hands-on experience in using manufacturing processes, tools, and equipment
* Appreciation for the role of mechanical engineering in solving real-world problems"
7. B.Sc in Engineering Physics,Indian Institute of Technology Guwahati,Guwahati,Assam,9,https://www.iitg.ac.in/,"**B.Sc in Engineering Physics**

* Physics
* Mathematics
* Engineering
* Problem-solving
* Curiosity about the physical world"
8. B.Sc in Engineering Chemistry,Indian Institute of Technology Guwahati,Guwahati,Assam,9,https://www.iitg.ac.in/,"**B.Sc in Engineering Chemistry**

* Interest in chemical processes and their applications
* Passion for solving complex engineering problems
* Curiosity about the properties and behavior of materials
* Desire to design and optimize chemical processes
* Enthusiasm for environmental sustainability"
9. B.Tech in Biotechnology,Indian Institute of Technology Guwahati,Guwahati,Assam,9,https://www.iitg.ac.in/,"**B.Tech in Biotechnology**

* Interest in understanding the molecular basis of life
* Passion for manipulating biological systems for practical applications
* Desire to develop new drugs, diagnostic tools, and therapies
* Curiosity about genetic engineering and its potential
* Ambition to contribute to the field of biotechnology and advancements in healthcare, agriculture, and environmental sciences"

1. B.Pharmacy,SVKM'S Dr. Bhanuben Nanavati College of Pharmacy,Mumbai,Maharashtra,38,https://www.bncp.edu.in/,"* Interest in drug mechanisms and actions
* Passion for discovering and developing new medicines
* Desire to pursue a career in healthcare
* Curiosity about the chemistry and biology of drugs
* Ambition to make a difference in the lives of others through pharmacy"
2. B.Sc. in Pharmaceutical Sciences,SVKM'S Dr. Bhanuben Nanavati College of Pharmacy,Mumbai,Maharashtra,38,https://www.bncp.edu.in/,"**B.Sc. in Physics**
* Astrophysics
* Condensed matter physics
* Quantum mechanics
* Nuclear physics
* Particle physics

**B.Sc. in Chemistry**
* Organic chemistry
* Inorganic chemistry
* Physical chemistry
* Analytical chemistry
* Biochemistry

**B.Sc. in Mathematics**
* Algebra
* Analysis
* Geometry
* Topology
* Number theory

**B.Sc. in Biology**
* Molecular biology
* Cell biology
* Genetics
* Ecology
* Evolution

**B.Sc. in Computer Science**
* Algorithms
* Data structures
* Software engineering
* Artificial intelligence
* Cybersecurity"
1. B.A. (Hons.) Punjabi,Punjabi University,Patiala,Punjab,40,https://punjabiuniversity.ac.in/,"**Philosophy**

* * Understanding the nature of reality and existence
* * Exploring ethical principles and moral dilemmas
* * Developing critical thinking and argumentation skills
* * Analyzing philosophical texts and ideas
* * Examining the history of philosophy

**History**

* * Understanding the past and its impact on the present
* * Interpreting historical documents and sources
* * Analyzing historical events and their causes
* * Developing a global perspective on history
* * Exploring the role of individuals and societies in shaping history

**English Literature**

* * Analyzing literary works and their literary devices
* * Understanding the history and evolution of literature
* * Developing critical reading and writing skills
* * Exploring the themes and ideas in literature
* * Appreciating the power of language and storytelling

**Mathematics**

* * Solving mathematical problems creatively
* * Developing logical reasoning skills
* * Understanding mathematical principles and concepts
* * Applying mathematics to real-world situations
* * Exploring the beauty and interconnectedness of mathematics

**Political Science**

* * Understanding political systems and ideologies
* * Analyzing political behavior and decision-making
* * Examining the role of power and authority
* * Developing critical thinking and analytical skills
* * Preparing for a career in public service"
2. B.A. (Hons.) English,Punjabi University,Patiala,Punjab,40,https://punjabiuniversity.ac.in/,"**B.A. in History**
* History
* Global Affairs
* Political Science
* Sociology
* Anthropology

**B.A. in English**
* Literature
* Writing
* Linguistics
* Media Studies
* Education

**B.A. in Psychology**
* Human Behavior
* Mental Health
* Social Development
* Cognition
* Neuroscience

**B.A. in Economics**
* Finance
* Business
* Mathematical Modeling
* Public Policy
* International Development

**B.A. in Political Science**
* Government
* International Relations
* Public Administration
* Law
* History"
3. B.A. (Hons.) Hindi,Punjabi University,Patiala,Punjab,40,https://punjabiuniversity.ac.in/,"**B.A. in English**
* Literature and poetry
* Writing and storytelling
* Linguistics and language analysis
* History and culture
* Critical thinking and analytical skills

**B.A. in History**
* Past civilizations and events
* Political and social theories
* Historical research and analysis
* Cultural and intellectual history
* Global perspectives

**B.A. in Philosophy**
* Logic and critical reasoning
* Ethics and morality
* Metaphysics and ontology
* Political philosophy
* Religious philosophy

**B.A. in Psychology**
* Human behavior and mental processes
* Cognitive science and neuroscience
* Clinical psychology and therapy
* Social psychology and group dynamics
* Developmental and educational psychology

**B.A. in Sociology**
* Social interactions and organizations
* Social stratification and inequality
* Cultural norms and values
* Deviance and social control
* Social change and modernization"
4. B.A. (Hons.) History,Punjabi University,Patiala,Punjab,40,https://punjabiuniversity.ac.in/,"**Bachelor of Arts (B.A.) Courses:**

* English
    * Literature
    * Writing
    * Critical Theory
    * Rhetoric
    * Linguistics

* History
    * American History
    * European History
    * World History
    * Public History
    * Archaeology

* Political Science
    * American Government
    * Comparative Politics
    * International Relations
    * Public Policy
    * Political Theory

* Sociology
    * Social Inequality
    * Social Justice
    * Social Policy
    * Social Psychology
    * Criminology

* Psychology
    * Experimental Psychology
    * Cognitive Psychology
    * Developmental Psychology
    * Clinical Psychology
    * Health Psychology"
5. B.A. (Hons.) Political Science,Punjabi University,Patiala,Punjab,40,https://punjabiuniversity.ac.in/,"**BA in English**
* Literature
* Writing
* Poetry
* Drama
* Linguistics

**BA in History**
* History
* Archaeology
* Museum studies
* Archival research
* Political science

**BA in Psychology**
* Human behavior
* Mental health
* Research methods
* Cognitive science
* Neuroscience

**BA in Sociology**
* Society
* Culture
* Globalization
* Inequality
* Social justice

**BA in Political Science**
* Government
* Politics
* Public policy
* International relations
* Law"
6. B.A. (Hons.) Economics,Punjabi University,Patiala,Punjab,40,https://punjabiuniversity.ac.in/,"**English Literature**
* Reading and analyzing literature
* Writing creatively
* Critical thinking
* Humanities
* Culture

**History**
* Exploring the past
* Understanding current events
* Research and analysis
* Politics
* Social justice

**Philosophy**
* Asking fundamental questions
* Thinking critically
* Ethics
* Logic
* Metaphysics

**Psychology**
* Understanding human behavior
* Research and experimentation
* Mental health
* Cognitive processes
* Personality

**Sociology**
* Exploring social structures
* Analyzing social problems
* Cultural anthropology
* Inequality
* Deviance"
7. B.A. (Hons.) Sociology,Punjabi University,Patiala,Punjab,40,https://punjabiuniversity.ac.in/,"**BA in English**

* *Literature*
* *Writing*
* *Critical thinking*
* *Cultural studies*
* *Communication*

**BA in History**

* *History*
* *Research*
* *Analysis*
* *Writing*
* *Cultural understanding*

**BA in Psychology**

* *Human behavior*
* *Mental health*
* *Cognition*
* *Research*
* *Social psychology*

**BA in Sociology**

* *Society*
* *Socialization*
* *Stratification*
* *Social problems*
* *Social change*

**BA in Philosophy**

* *Reasoning*
* *Ethics*
* *Metaphysics*
* *Epistemology*
* *Logic*"

